treatment_flg,count,mean,std,min,25%,50%,75%,max
0,100058.0,46.30387375322313,57.575128022664806,-7491.0,34.0,45.0,59.0,1717.0
1,99981.0,46.530870865464436,39.89200488922002,-5973.0,34.0,45.0,59.0,1852.0
