treatment_flg,conversion_rate,count,positives
0,0.6032800975434248,100058,60363
1,0.6365109370780448,99981,63639
