,count,mean,std,min,25%,50%,75%,max
total_spent,400162.0,86521.76723297064,155433.74214071909,2.1,18034.9575,42738.02500000001,94016.10499999998,8835890.93
transaction_cnt,400162.0,19.542837650751444,17.275666987206638,1.0,8.0,15.0,26.0,314.0
unique_product_cnt,400162.0,73.588251758038,55.219668434179,1.0,34.0,61.0,99.0,1364.0
days_since_last_purchase,400162.0,4.982739490506345,4.880141248290309,0.0,1.0,4.0,7.0,19.0
spent_last_30d,400162.0,28227.588318705926,52698.11250329915,1.97,4425.282499999999,12660.795,30868.427499999998,3357507.8
spent_last_90d,400162.0,71850.13309742055,129743.43735506464,1.97,14489.0,34914.0,78118.58249999999,7709846.22
