feature,missing_ratio,missing_pct
brand_id,0.12082345833914215,12.08
segment_id,0.036525860867140665,3.65
vendor_id,0.000789999535294391,0.08
level_1,6.970584134950509e-05,0.01
level_2,6.970584134950509e-05,0.01
level_3,6.970584134950509e-05,0.01
level_4,6.970584134950509e-05,0.01
netto,6.970584134950509e-05,0.01
product_id,0.0,0.0
is_own_trademark,0.0,0.0
is_alcohol,0.0,0.0
