feature,smd,abs_smd
has_redeem_history,0.023443536194927873,0.023443536194927873
days_since_first_issue,0.008549651044472488,0.008549651044472488
age,0.004583104102231651,0.004583104102231651
days_since_first_redeem,0.0016193775729075972,0.0016193775729075972
