treatment,count,share
0,100058,0.5001924624698184
1,99981,0.4998075375301816
